salario,edad,antiguedad_ejecutivo,educacion_grado,antiguedad,educacion_posgrado,valor_empresa,beneficios_empresa,ventas_empresa
1161,49,2,1,9,1,23200,966,6200
600,43,10,1,10,1,1100,48,283
379,51,3,1,9,1,1100,40,169
651,55,22,1,22,0,1000,-54,1100
497,44,6,1,8,1,387,28,351
1067,64,7,1,7,1,3900,614,19000
945,59,10,1,35,0,623,24,536
1261,63,8,1,32,1,2100,191,4800
503,47,4,1,4,1,454,7,610
1094,64,5,1,39,1,3900,230,2900
601,54,7,1,26,1,533,34,1200
355,66,8,1,39,0,477,8,560
1200,72,37,1,37,0,678,35,796
697,51,1,1,25,0,5700,234,8200
1041,63,11,1,21,1,1400,91,4300
245,44,7,1,7,1,558,24,135
817,68,4,1,38,0,847,55,1300
1675,71,12,0,31,0,1200,115,674
971,72,24,1,33,1,609,69,1400
609,58,1,1,36,0,880,69,1100
470,60,6,1,20,1,2200,210,2300
867,59,14,1,36,0,1500,81,884
752,54,4,1,32,0,3200,193,1600
246,51,8,1,8,0,458,13,78
825,56,4,1,4,1,5900,295,10700
358,50,4,1,23,1,2300,25,99
1162,58,6,1,24,0,1800,226,3800
270,43,2,1,15,0,713,28,150
829,56,8,1,14,0,1500,184,2200
300,77,26,0,45,0,4700,483,6900
1627,62,4,1,13,1,9100,596,8300
1237,63,9,1,37,1,6200,108,4600
540,61,1,1,37,1,5600,549,5200
1798,66,14,1,21,1,12500,338,24300
474,40,1,1,18,0,2000,117,2700
1336,60,13,1,21,1,4300,562,4500
541,51,4,1,30,0,1200,82,1400
129,66,4,1,4,1,412,28,59
1700,54,5,1,21,1,20400,1200,6800
1750,66,24,1,31,1,17900,1400,16200
624,61,13,1,21,1,934,109,1100
791,66,8,1,14,0,487,-60,2300
1487,51,3,1,3,0,2800,182,22200
2021,56,3,1,34,0,42900,2700,51300
1550,47,3,1,19,1,4900,120,1100
401,64,8,1,44,0,670,57,571
1295,62,8,1,8,0,16400,1300,10700
449,56,1,1,31,0,538,37,661
456,56,3,1,9,1,6700,34,381
1142,53,1,1,30,1,26300,1900,28000
577,64,2,1,26,0,5700,287,3000
600,56,7,1,18,1,4000,-40,11700
649,44,4,1,4,1,475,17,336
822,60,20,1,22,0,752,77,896
1080,52,5,1,18,0,1600,55,388
1738,54,12,0,34,0,15400,842,10700
581,54,19,1,19,0,403,23,408
912,54,9,1,9,0,2400,239,2600
650,69,13,1,37,0,817,40,261
2199,52,8,1,8,1,6300,475,5600
609,53,15,1,15,1,498,34,567
1946,73,21,1,25,0,8000,484,7800
552,52,1,1,30,0,3500,308,2800
481,59,4,1,26,1,667,90,611
526,45,7,1,8,0,2000,106,2400
471,60,2,1,3,0,425,7,160
630,56,1,1,29,0,420,-55,1700
622,57,4,1,35,0,1200,143,2500
999,52,17,1,28,0,398,21,159
585,60,10,1,36,1,449,33,1700
1107,57,6,1,17,0,1100,149,2200
1099,59,10,1,34,0,1800,182,8600
425,86,13,1,13,1,644,11,36
2792,40,11,1,11,0,888,35,534
350,54,4,1,31,0,812,46,1000
363,58,6,1,36,1,880,80,717
2265,63,6,1,35,1,18800,1700,18000
377,45,5,1,7,0,1200,57,238
879,63,9,1,21,1,4900,212,1700
720,49,12,1,12,0,1400,23,672
950,63,14,1,27,0,1500,6,2600
1143,67,3,0,23,0,918,56,1800
1064,58,3,1,27,0,2600,195,3500
1253,60,5,1,36,1,3700,142,2600
462,58,0,1,23,1,769,50,1400
174,69,13,1,13,0,390,6,29
474,63,4,1,41,0,2600,175,2200
1248,48,7,1,21,1,7300,423,3500
1101,62,3,1,32,1,1200,96,954
348,43,10,1,12,1,1400,79,586
650,55,5,1,28,1,817,-438,5700
875,58,10,1,32,1,2200,308,5300
1600,61,1,1,4,0,9400,877,12300
1500,55,4,1,30,1,4800,665,7900
323,39,3,1,15,1,517,63,637
459,59,3,1,33,0,1400,40,785
925,56,12,1,26,1,2200,67,3300
375,46,4,1,4,1,501,20,599
447,53,1,1,4,0,527,16,143
1340,55,10,1,13,0,2900,131,1400
1749,57,11,1,26,1,10000,40,8100
491,43,2,1,21,1,521,54,561
5299,64,13,1,42,0,1500,119,2400
431,58,3,1,33,1,550,36,815
729,50,3,1,15,1,2600,182,2000
1284,54,3,1,32,1,19600,1300,12300
1373,57,8,1,36,0,23600,1600,14300
989,40,5,1,18,0,582,30,439
515,52,1,1,27,1,889,51,1100
1301,50,15,1,19,1,1600,130,1800
834,58,1,1,35,0,890,63,4400
849,46,24,1,24,1,473,36,538
100,61,26,1,26,1,10100,394,2700
679,62,6,1,40,0,1400,-463,4900
567,56,10,1,31,0,1700,65,597
559,54,2,1,22,0,686,13,2100
704,52,6,1,6,1,903,8,50
308,45,14,1,14,1,1900,39,210
1392,48,6,1,6,1,1100,51,4800
389,55,4,1,29,0,420,38,478
790,69,37,1,45,0,3200,140,1200
396,80,28,1,58,0,963,53,513
398,54,4,1,4,0,1800,69,633
707,46,1,1,6,1,1200,26,130
984,60,4,1,7,0,1700,135,1500
410,55,20,1,36,0,590,34,501
1095,60,5,1,33,1,17100,1400,27600
694,61,19,1,35,1,1000,75,4200
834,61,0,1,32,1,5300,364,7600
1630,39,8,1,8,1,822,27,227
493,55,1,1,4,1,834,80,1300
625,57,9,0,36,0,979,87,1400
483,52,14,1,18,1,548,35,1000
733,60,8,1,8,0,778,18,347
2102,67,20,1,41,1,45400,1700,10300
853,58,34,1,34,0,411,33,818
345,54,0,1,33,1,781,56,994
800,57,9,1,12,1,479,32,1800
764,55,16,1,31,1,2100,145,1100
806,59,3,1,3,1,3900,257,3000
310,40,1,1,18,0,1300,60,2400
1119,61,9,1,34,0,1200,71,2500
1287,59,3,1,4,1,2700,222,4700
1170,57,3,1,9,1,5600,208,1900
880,62,12,1,36,0,4000,229,5300
1091,33,9,1,9,0,1300,36,181
1100,65,6,1,18,0,544,-271,563
650,53,4,1,5,1,557,40,1482
607,38,3,1,7,1,599,38,231
1133,63,9,1,9,0,686,37,870
393,58,6,1,36,1,956,40,285
605,53,4,1,16,0,505,30,422
1444,59,2,1,2,1,10700,401,6204
1033,62,1,1,30,1,7300,478,5400
1142,50,3,1,11,1,2200,166,2600
537,46,20,1,20,1,669,17,1200
693,42,12,1,17,0,3000,206,1400
439,57,12,1,26,1,3800,280,2600
358,64,11,1,43,0,423,45,584
1276,64,17,1,41,0,1300,52,635
873,41,2,1,2,1,567,21,149
537,57,1,1,35,1,4800,210,11400
713,57,2,1,12,1,1300,55,1600
1350,68,5,1,5,1,2100,92,3300
1268,47,4,1,20,0,2500,47,1100
465,64,3,1,31,1,2400,326,2400
693,46,3,1,7,1,533,44,2200
369,49,1,1,4,1,1200,-132,65
381,54,2,1,30,0,4500,386,2700
467,49,0,1,13,1,534,49,513
559,57,16,1,34,1,653,56,605
218,57,5,1,33,1,421,41,504
264,63,3,1,42,0,480,43,334
185,58,1,1,39,0,560,49,766
387,71,13,1,32,1,477,28,432
2220,63,18,1,18,1,540,-80,277
445,69,0,1,23,0,828,31,249
